{
  "k_values": [
    5,
    10,
    20
  ],
  "users_evaluated": 3586,
  "overall": {
    "precision": {
      "5": 0.014779698828778583,
      "10": 0.012130507529280535,
      "20": 0.010192414947016176
    },
    "recall": {
      "5": 0.07389849414389292,
      "10": 0.12130507529280535,
      "20": 0.20384829894032347
    },
    "ndcg": {
      "5": 0.04780770152797118,
      "10": 0.06292787078253743,
      "20": 0.08361619701972282
    },
    "map": {
      "5": 0.03928704220115263,
      "10": 0.045404416646747936,
      "20": 0.05099082566590367
    }
  },
  "subpopulations": {
    "hot(50+)": {
      "precision": {
        "5": 0.01034340091021928,
        "10": 0.00877120397186595,
        "20": 0.008026479106330161
      },
      "recall": {
        "5": 0.0517170045510964,
        "10": 0.0877120397186595,
        "20": 0.16052958212660323
      },
      "ndcg": {
        "5": 0.03370406753198031,
        "10": 0.04520502130704883,
        "20": 0.06345447944475872
      },
      "map": {
        "5": 0.027823748448489862,
        "10": 0.03248878643996559,
        "20": 0.037416769557398824
      }
    },
    "warm(10-49)": {
      "precision": {
        "5": 0.023952095808383235,
        "10": 0.019076133447390932,
        "20": 0.01467065868263473
      },
      "recall": {
        "5": 0.11976047904191617,
        "10": 0.19076133447390933,
        "20": 0.2934131736526946
      },
      "ndcg": {
        "5": 0.07696808079940824,
        "10": 0.09957126443716185,
        "20": 0.12530214345144935
      },
      "map": {
        "5": 0.06298830909609351,
        "10": 0.07210850408027483,
        "20": 0.07905626075081061
      }
    }
  },
  "model_training_metrics": {
    "hr@20": 0.1568,
    "ndcg@20": 0.06458675652277696,
    "users_evald": 5000,
    "params": {
      "factors": 64,
      "reg": 0.01,
      "iters": 20,
      "thr": 3.5
    }
  },
  "schema": {
    "input_required_columns": [
      "user_id",
      "item_id",
      "timestamp"
    ],
    "optional_columns": [
      "rating"
    ]
  }
}