k,precision,recall,ndcg,map,users_evaluated
5,0.014779698828778583,0.07389849414389292,0.04780770152797118,0.03928704220115263,3586
10,0.012130507529280535,0.12130507529280535,0.06292787078253743,0.045404416646747936,3586
20,0.010192414947016176,0.20384829894032347,0.08361619701972282,0.05099082566590367,3586
