subpopulation,k,precision,recall,ndcg,map
hot(50+),5,0.01034340091021928,0.0517170045510964,0.03370406753198031,0.027823748448489862
hot(50+),10,0.00877120397186595,0.0877120397186595,0.04520502130704883,0.03248878643996559
hot(50+),20,0.008026479106330161,0.16052958212660323,0.06345447944475872,0.037416769557398824
warm(10-49),5,0.023952095808383235,0.11976047904191617,0.07696808079940824,0.06298830909609351
warm(10-49),10,0.019076133447390932,0.19076133447390933,0.09957126443716185,0.07210850408027483
warm(10-49),20,0.01467065868263473,0.2934131736526946,0.12530214345144935,0.07905626075081061
